brand,hap_mg_per_piece,hap_form,particle_size,full_ingredient_list_published,ingredient_amounts_published,lab_report_public,studies_cited_on_site,money_back_guarantee,dose_disclosed,downloadable_documents_count,guarantee_in_writing,third_party_review_count_verifiable,source_url,as_of
Minvelle,5.7,nano,"200 nm (supplier-stated; above the EU <100 nm nanomaterial definition, disclosed)",yes (all 14),yes (per-piece weights),"yes (MSDS + batch heavy-metal/microbiology CoA published, manufacturer redacted and disclosed)",partial (pH study sourced; history claims being back-referenced),"30 days, unopened boxes",yes,2,"yes, 30-day unopened boxes","no (Trustpilot profile claimed, shows 0 reviews so far)",https://www.minvelle.com/pages/transparency,2026-07-11
Crait,70 (gum); 25 (mints),non-nano (OMYADENT),"described as larger, surface-acting particles",yes (9 ingredients),no,no,"no (""studies show"" without citations)",not disclosed,yes,0,not found (checked 2026-07-11),yes (Amazon listings; exact count not machine-readable),https://www.craitgoods.com/products/p/hydroxyapatite-gum,2026-07-11
Enamio,not disclosed,nano,20 nm rod-shaped (stated),yes,no,"no (""3rd-party tested"" badge without report)",yes (14 studies linked; specific % claims on FAQ uncited),"30 days, first order only",no,0,"yes, 30-day first order only",no (on-site widget only),https://enamiogum.com/pages/shipping-returns,2026-07-11
Underbrush,not disclosed,nano,not stated,yes,no,no,yes (39 numbered citations),none (gum final sale; guarantee only via paid add-on),no,0,no (gum final sale; guarantee only via paid add-on),no (on-site widget only),https://nathanandsons.com/policies/refund-policy,2026-07-11
Dentagum,not disclosed,nano,not stated,yes,no,"partial (CoA shown as on-page image, not downloadable)",no (83%/91%/87% shown without sources),30-day risk-free claimed on product page; refund policy allows unopened only (EU 14 days),no,0,conflicting (30-day risk-free on page vs unopened/EU 14 days in policy),"yes (Amazon: 644 reviews, 4.4 stars; site widget claims 733)",https://dentagum.co/products/remineralizing-chewing-gum,2026-07-11
CaviChew,not disclosed,nano,<=100 nm rod-shaped (stated),yes,no,no,no (refers to studies on other remineralizing gums),not disclosed,no,0,not found (checked 2026-07-11),"yes (Amazon: 193 reviews, 4.3 stars)",https://www.amazon.com/dp/B0FXVXP5GW,2026-07-11
VanMan,not disclosed,bovine-bone HAp (nano/non-nano not stated),not stated,yes (6 ingredients),no,no,no,"yes, full refund, no time window stated",no,0,"yes, full refund, no time window stated","yes (Amazon: 135 ratings, 3.5 stars)",https://vanman.shop/policies/refund-policy,2026-07-11
Weldental,not disclosed,micro HAp,no numeric size given,yes,no,no,no,"30 days, unused only (site policy)",no,0,"yes, 30-day unused only","yes (Amazon: 71 ratings, 4.4 stars)",https://weldental.com/policies/refund-policy,2026-07-11
RevitaBite,not disclosed,nano,"not stated; liquid-center, dentist-formulated",yes (no amounts),no,no,"no (dentist-formulated claims, no study citations found)","30 days, money-back (""no questions"")",no,0,"yes, 30-day money-back (""no questions"")",no (on-site testimonials only),https://chewrevitabite.com/products/revitabite-oral-care-supplement,2026-07-11
